title,score,url,text,num_comments,upvote_ratio
This guy fucks,16182,https://i.redd.it/puysinhed13e1.jpeg,"I I BCIT BBA Candidate + Follow Ã©d+ 1 SOLD MY FIRST FORKLIFT! === â€” s ow geet OEP Ã© ae i. : z â€” , BXvex â€œk a y 1 eZ peli I , i n Â® â€˜ie * y eeu) Vit Ae F or I : AT 7 \ 4 ee i ~ Sas Nb eS Â¢ es Ra! Wie Py",524,0.9
â€œI think Iâ€™m brave taking a 40% pay cut to join one of the largest tech companiesâ€,346,https://i.redd.it/cp6icpgfn43e1.jpeg,"(2) Dawn Choo - 3rd+ + Follow -~ 9 Data Scientist (ex-Meta, ex-Am... 4d-Â® I took a 40% pay cut when I joined Amazon. It was the best career decision I've ever ..more : q \y } / Rik ay Se . iM eee = a _ iS) a 1 te JM \ % if } Â¥ a) \ < x: \ : a \ tM Ba cee jb y \ iu) hae oad 7 SS a ; b e Â¢ te. <= I a * ) r y he i ee Y nS) 9 wb) ~ jj at \ "" < â€” es cr ee BES Mies, cena a a A I ee PaaS ces Ne ee a AS aly Ns ve TO NMS ate CEA 2 Peas. Peg cls ale ; a. pe 2 icles â€˜ aS oP NS, I a ie are",149,0.83
"""Please don't contact me again."" ""Hey everybody! A warm lead!""",765,https://i.redd.it/bhtyqmmqy23e1.png,"we Kayla Russetto - 2nd iy ee ee cre erreatiner + Follow th-  - Â© I cold called a prospective client and he didn't answer. So I texted him. He politely asked me to never text him again, and blocked me. I sent him a $25 Starbucks gift card and asked if he would appreciate my professional persistence and give me a chance over a cup of coffee. Thoughts? Am I being too annoying? @ @6921 18",111,0.99
Lunatic fires 90% of his staff for missing a morning meeting. They are mostly unpaid remote workers,38,https://i.redd.it/4hbzll0yn53e1.png,"Baldvin Oddsson : 3rd : Founder of The Musicians Club I Empowering M... + Follow 1w Over the past weekend, Iâ€™ve received an overwhelming amount of attentionâ€”both positive and negative. While some attempted to â€œcancelâ€ me, it has completely backfired. Our traffic has surged to over 20,000 views, sales are at an all-time high, and we're receiving hundreds of applications daily. I've had more than 300 messages, including inquiries from CEOs, industry leaders, and major newspapers requesting interviews. I will do my best to respond over the next few days. I stand by my decisions and the values we uphold. Firing those individuals was the right move for our organization, and we are stronger than ever. Thank you to everyone who has reached out and supported us through this. The momentum is undeniable, and we are excited to keep moving forward. OO@ 42 34 s - 1 Repost",6,0.94
"""You are very beautiful. Did you know? Will you be my girlfriend?""",1156,https://i.redd.it/60esnq7pvz2e1.png,"Zainab Asif Â« 3rd+ + Follow + WordPress Developer I Crafting Responsive Business Webs. 15h -  - Â© Professional Platforms Deserve Professional Behavior It's disappointing to share that today I received this message on LinkedIn from Muhammad Bilal Butt: ""You are very beautiful. Did you know? Will you be my girlfriend?"" Linkedin is not a dating site. It's a space for professionals to connect, learn, and grow. Yet, women continue to face such unprofessional and inappropriate behavior, even here. To the person who sent this: Your message is not a compliment, it's disrespectful and uncalled for. Please understand the basic etiquette of interacting with others in a professional setting. To everyone else, especially women: If you've faced something similar, know that you're not alone. It's time we collectively call out such behavior and demand a safe, respectful environment on all platforms. Let's ensure LinkedIn remains what it was meant to be a platform for professionals. The message came from Muhammad Bilal Butt. Could everyone please visit his profile and report him. Let's ensure Linkedin remains a space for respect and professionalism. 3:58 PM O oe Ska & Muhammad Bilal ... : a Â© Mobile - 16h ago Muhammad Bilal Butt Â© Data Science I Python I R I Machine Learning I NLP I Computer Vision I Data Visualization I Flutter MONDAY &y Muhammad Bilal Butt - 10:28 PM Hi Zainab,",294,0.98
Found on Instagram ,968,https://i.redd.it/ekwdmvu1103e1.png,Â¥ UG O er O â€˜ Cprene ee ly -  Finally got it! Very happy to get SAP tattooed on my left arm. This is my significant tattoo which enhances my soul. Sounds crazy and intense but its true that I am emotional about SAP and simply love it! i aâ€œ ; i es ay oy a ae a I edigh Â© px I = es,122,0.99
Iâ€™ve been texted by this guy and the wages he offers are below 1k per month!! ğŸ¥´ğŸ˜­,67,https://i.redd.it/a71qfep6143e1.jpeg,"So Khaled Al Haddad - isi ve CEO at Hustle Media ME I Experienced Director-... Request services 2h-@Â® Over the past 12 months, I've hired and fired 13 creatives for my agency. The reason? A lack of attention to detail. --->The biggest issue Iâ€™ve encountered? Consistent spelling errors. Nothing says ""we donâ€™t care"" more than spelling mistakes in the content you deliver to clients. Whether it's a video, a design, or social media post, every piece of creative needs to meet a high standard, even if it's not a perfect masterpiece. ---->What makes the difference between sloppy work and exceptional service? Taking the extra 5 minutes to review your work properly before sending it out. Itâ€™s the small details that count, and they make all the difference in the quality of service we provide to our clients at Hustle Media ME #AttentionToDetail #QualityService #CreativeStandards #AgencyLife #ClientTrust ar I'M JUST A CHILL GUY rn. 40. i af",35,0.95
Facebook for bragging about jobs.,210,https://i.redd.it/q1fx6t6g423e1.png,"GED Â«2 + Follow -* Oa * Senior Tech Recruiter * Career Coach * 30 Years Building Elit. 23h-Â® LinkedIn is just Facebook for people who brag about their jobs instead of their kids. I said what I said rr, = om Ne 7 , : Le ia Me j th : Â» ; 5 s s Linkedin profileÂ» ! 4",11,0.97
Hoping this is a jokeâ€¦,19,https://i.redd.it/37qpj9x1y53e1.jpeg,"When Sales is Life... < Messages Mom Details Will you be home for thanksgiving? we miss you Will there be any qualified decision makers there? I don't know what that means. We are very worried ge"" you CE@ 1,464 39  + 49 reposts",3,0.88
Dude just admitted his posts are not original,35,https://i.redd.it/dpy5okiu153e1.png,"Ruben Hassid - 3rd+ + Follow -- Master Al before it masters you. View my newsletter 1d-Â® You pay $1,000 for a weekly Linkedin ghostwriter. But this Al is $20/week to replace them: 1. Go to app . easygen . io. 2. Write a ""Custom topic"". 3. Generate a post until you like it. 4. Click on ""Generate an image from the post"". 5. Select your favorite quote. Aim for a controversial. That's it. You have your daily post for Linkedin + the image. It took me 21 minutes to make a week of content. ""But does it work?"" I grew my account from 8,000 to 400,000 like this. Then I grew Anisha's to 20,000+ followers. Then I grew Axelle's to 18,000+ followers. ""But what about being original?"" Can you write a great book with pen & paper? 4 Yes. Can you write a bad book with pen & paper? 4 Yes. It's not about the pen & the paper. It's about the author. It's about you. Al is a tool. You are the one mastering it. Be greater with Al. Not lazier. & Repost this to help others master Al.",33,0.95
Typing out a Trump impersonation for B2B sales ,91,https://i.redd.it/ld9lyrokb33e1.jpeg,"(-: Skylar Romines = 2nd Founder/Owner @ ATW Advisors I Author I Holistic Healt... + Follow ih-Â® â€œWe're gonna have the best insurance. You're gonna have insurance so good you're gonna forget you have insurance. Big, beautiful, insurance People have never seen insurance like thisâ€™ wwe YU ail I â€˜ â€˜ ss h Â¢ ' i . \ Â» J â€˜S ! ) A t N > } - an f : - a : [Xi b ik : BN) - & f \ â€˜ Le ) I Fi Y 7 - â€” ra . 2s roe I \ A; , , j a ANA} 4 â€”â€” i/ a m3 : > â€œa ~"" ~ Ws a \ Do ins ; Â£, ey R â€”= } I Ã© 4 = = 7 S iiae or. > (aa â‚¬G60 128 11  &  Â©  Repost 7] Send",19,0.93
"Didn't like the doctor's opinion, found an echo chamber.",137,https://i.redd.it/my1bd4eil13e1.png,"xX Al & Deep Tech 6d-Â® Well, there's a first for everything. I just took the advice of #Al over my doctor's ww 1. had more time & space for questions; 2. Iwas given a clear overview of alternatives, pros & cons; 3. In its advice, Al took into consideration my preference for a long-term, natural solution without many side-effects. The doctor didn't. Sorry doc.",61,0.95
Big brain growth hack,28,https://i.redd.it/xlc12t5sw33e1.png,"qn a WANTS}T0 GROW erie ) SO}THEY/RUN ADS oe I â€˜. FIGURES OUT; (i a THROUGH SOCIAIMEDIAY Â§â€”\ C7â€ \\ ae ACROSS LINKEDIN . >. ss CREATES FAKE Py JOB LISTINGS TO GET, mai i (AND APP DOWNLOADS I~ y kA",2,0.92
Let me like my own obligatory first class post,532,https://i.redd.it/4v23u5iy7y2e1.png,"a Shashank Agrawal â€ Heading home! Always FIRST CLASS! y ae Ig I > I Naa ae ve I Vy aye WY) f \ I Oa y Pr a Qa â€” =, Â© Shashank Agrawal and 2 others  Â© comment (2) Repost send",61,0.99
Can healing from hip surgery teaches [sic] us about growing as a leader? ğŸ‘ You betcha. ,8,https://i.redd.it/e3n0rfs5u43e1.jpeg,"Mm Co-Founder, Strategic Advisor/Mentor, Editor and Podcas... + Follow Weâ€ Â© I'm in the midst of recovering from hip surgery and while speaking with my friend, ""ag Â© ges I was sharing how this recovery, the pain, the forward momentum, well it's not unlike growing as a leader. What you say? Read on and see what you think. #intentionalleaders #care360 #womenleaders #=EyP=aa Cho mt We Bt ie 2 el Sc le Be ee ee 2 come: Rec 2 be d mt ee â€”â€” eae Be /, car ca 4 a ete STR im â€˜ug eee MR Vale < wy hl 5, . = LS a â€œ> Ceo Geen Vette 2 x Ate TN Ses ; a Ae Me j ah We. x I aeoxe ot i aS: Â» ce Sok ga : Le i \ I oy 3 OR ay un ee > / . ae ATR & Bie Caan r yy > iy ewe, Pek j z â€œCees Â® Paks i 4 Ke cet a a ee . re. * 4; â€˜: KE ; â€” â€˜ x N = ' . vib { A ~ S Se ~~ Leadership Lessons from the Recovery Room: on LinkedIn + 5+ min read Can Healing from Hip Surgery Teaches Us About Growing as a Leader? You betcha...I'm currently h...",6,0.9
Invited to job interviews at 3 BigTech companies,7,https://i.redd.it/zmmz9pqh353e1.jpeg,"Lin a > 2 < Safari â‚¬ = Q Marvin Chancan > Vit Rt 2 *: Al/ML, HPC I Robotics, Automation I Yale United States 500+ connections raw) Â©) About Extensive background in technology (robotics, computer vision, Al/ML, HPC, supercomputers, IT infrastructure) and engineering (software, mechanical, electrical, automation). Global career spanning 5 countries across 3 continents (Europe, Oceania, The Americas). Ex- Yale postdoc, automation engineer, and IT solutions architect; with PhD, MBA, MS, BS degrees. Developed high-performance Al models inspired by insect/rat brain regions/neural circuits. Produced 10+ technical papers & published at top-tier Al, robotics venues; 100+ citations over the past 4 years. Recipient of high-achiever awards, prizes and scholarships; totaling ~$250k. Invited to job interviews at 3 BigTech companies. Website (papers with code): @ @ea 8 A4 & Home Video I My Network Notifications Jobs eD",11,1
Big dick swinging â€œI know how to spellâ€ energy ,10,https://i.redd.it/f142v5mxl33e1.jpeg,"a + Follow p= Founder and Creative Director \ 1d -  - Â© I've hired & fired 13 video editors for my agency in the past 12 months... L, Biggest reason? Lack of attention to detail. L, Biggest culprit? Consistent spelling errors. Nothing shows clients that you couldn't care less about their project than having spelling errors in the videos you deliver. Not every creative you produce needs to be a home run, but all of them need to be consistent and maintain a high standard. Sometimes the difference between sloppy service and exceptional service is spending an additional 5 minutes to properly review the work. = a @MEGZQ 57 i} â€” FIR RAMMente I",2,0.82
I guess he isnâ€™t aware Volvo is Chinese owned,40,https://i.redd.it/nwy1o5hpf13e1.jpeg,"fae, Kyle Reyes - 2nd a* Connect he y Owner, Law Enforcement Today, Blue Lives... â€œee Visit my website 1d-Â® THIS is how it's done!! The heck with Jaguar and their debauchery. Volvo just dropped what's probably the most moving, pro-family, pro-life car commercial EVER. LOVE THIS. REPOST this everywhere!! #thinblueline #lawenforcement Vt > 7 Kate's pregnant. icc] g",15,0.88
Who cares if people die (won't be anybody I know)... Innovation baby!,3,https://i.redd.it/aa30z4fmi53e1.png,"<= + Follow =O just spoke with a guy who seemed to caremore about tre significant igs of safety than innovation Here's the truth Early sea fering ships were often rat nested leaky death taps and uncounted thousands of brave salts are now below the deep Eaty steam engines for ratoads exploded Bridges were destroyed, buildings taken cut people ile Early automobiles sid out of contol lle over, caught fe and sometimes exploded Fits, calamity, and more people lle, Ear aipanes cashed: ales aircraft tel fl ot ofthe sky. Hundreds upon hundteds dead Anyone who hasan ""Innovation Role, andthe fisting they say as critique i safety, Im going to suggest thet maybe they should find another line of wor History has shown, without question, innovation isinherently dangerous. isthe brave souls who understood the danger and prevaled that moved humanity forward itis nt the desk jockey who exists to sy no. Pras the isk takers, the al innovators, whe have the intestinal fortitude to move their dreams fornard regardless ofthe negative influence ofthe naysayers, Be \ I $ ee AT Wigs oe ae Ra: Â« i SS Soe Ca Z ee re . fe SS SS SSS NGS SS SS NS as RY 4 Boer â€”â€” . N : I Aa â€”""\N Foy RN I",2,1
Everyone in the Comments for this LI Post Disagreed,9,https://i.redd.it/9bgz82fg333e1.jpeg,"Yes, that was sarcasm â€” because you should NEVER IGNORE RESUME RED FLAGS! ro Candidates with multiple short tenures at previous jobs are clearly not reliable and should be filtered out from consideration. High achievers are out there just waiting to be hired, so let's vow to stop making exceptions for mediocre candidates (let your competition hire them instead). @ Let's fill the  with resume red flags so our fellow leaders can save this post and reference it before reviewing candidate resumes! Â© Wait... The candidate with is : 10 jobs in the last 5 years e 4 didnâ€™t work out? , I'm shocked! - ' I",14,0.85
"Right Jesse, I would wish Aliens would take me than dealing with these LinkedIn DMs",2,https://i.redd.it/ebvs74n8a43e1.png,"8 Jessie Urvater [ff - 12:34 pm Promise if you're not impressed, that's on me:) Q Jessie Urvater [J - 7:07 Pm Sounds like either one of three things has happened: 1) you were kidnapped by aliens 2) you think you can manage Al data sourcing, preparation, and model evaluation on your own 3) you are not planning on ever taking a meeting with me or don't want to hurt my feelings I can live with scenario two or three, but if you could reach back out to confirm scenario 1 didn't happen, I will feel a lot better about not hearing back! + Write a message... Q",1,0.67
I don't think this is satire...,12,https://i.redd.it/29csva0n423e1.png,"Chris Hladezuk + 2nd CEO at Hanover + Follow Zin Â® Do whatever it takes to win, + Sleep inside a customer's office during migration + Endlessly pursue the best employees + Fly across the world for a pitch It's the only way to have 0 regrets. (and sometimes it's entertaining too) e Chris Hladezuk <chris@hanovecco> Nov22,2024, 946M (2daysane) Ye tt Unracked Log email to Hubspot ~ a Sounds good -l seep inside the offces during migration to ensure a great experience, Best, Chris Hiadceuk . Nov 22,2024, S48PM (2dayean6) Ye 9 E Bol b09 email to Hubspot ~ a Itsnt super comfortable, but we have a rice selection of beverages Sent via Superhuman Chris Hladezuk <ovisohanovercoÂ» Nov2, 2024, 9:52PM (2doysoge) Yr OE whos â€˜Works for me. Happy to pay my ent with fre labor â€” cleaning windows, making coe, etc. * Now 22,2024, 9$3PM(2daysago) yy oT â€˜Will consider this as part ofthe pricing",0,1
Support the men,14,https://i.redd.it/j16t0efnr13e1.jpeg,"ro 9 Q Search @ a Co â€˜Ist az Farm Raised Work Ethic I Profit is the byproduct of ... â€œadâ€ Bh +  - Â© I think I'm going to start a menâ€™s support group. My wife is 45 and I was hoping that these hot flashes she has been been having would eventually subside. So I asked her this morning at 0400 when the covers got slung off violently into the floor, â€œHow much longer will this go on?â€ She turned to me and replied, â€œMy mother is 85 and she still has hot flashes.â€ I quickly did some math in my head; and at that moment I realized I might need another bedroom Â®&. p. & ss ee * \ . - tin 7 Â° I > > *-, â€œf) I oe igh t I Ta ee oe = dq > = I et } o ie core i nQ Â§ cow lw â€œA* ee aru aie f& 86D a: a 6s Home Video My Network Notifications Jobs",10,0.94
"Inspirational! (""Recruiter"" with 11339 followers)",0,https://i.redd.it/g89wifpwj53e1.png,"""The True Measure of Success is not just in what you achieve , but Also in how impact others positively"" â€”-Ratan TATA (Sir) aif: Ratan Tata A A A His impact will be felt For years to come, and he will be profoundly missed. ""â€” re, > 4 } @@2 26",0,0.5
I really hope this is fakeâ€¦,4,https://i.redd.it/5fraw8td433e1.jpeg,"Indulged in some screen time this past weekend and had to share! While many may not have the tattoo to prove it, the passion some people have for this software is undeniable. If you're as dedicated to SAP as this person or if you're looking for experts who live and breathe SAP, let's connect. Together, we can explore how you can impact a new organization or how subject matter experts can drive further success in your business. #SAP #S4HANA #SubjectMatterExpert #AstonCarter 8:19 at 5G e ustagroun ~ ve wallstreetoasis _ 3) Suggested for you Follow Finally got it! Very happy to get SAP tattooed on my left arm. This is my significant tattoo which enhances my soul. Sounds crazy and intense but its true that I am emotional about SAP and simply love it! #sap a. SS a i aero in ? ORE alle biG ote & Base wy a * x Bice â€™ eee q t= Bale 4 q fy BS . = + es Ma ee e 4 => 4 a Jj , 4 * EE a J f = 3 QO 141k Q120 VY 13.2k W wallstreetoasis &)... more",3,0.67
Lunatic thinks weather that can kill hundreds isn't a valid excuse to lose a workday,27,https://i.redd.it/d7u1v1dsrz2e1.png,"I) O.F. Feldstein - ana + Follow o. CEO in BPO Industry. Growth Hacker. Explorer. Technolo i vy 2d-@Â® Just seen this. My honest thoughts? Excuse is the brother of failure. Justification is the sister of guilt. I agree that weather conditions can be valid reasons, but by permanently accepting something like a bit of wind and rain for absences won't increase the chances of Filipinos being considered by hiring managers. It also doesnâ€™t help to qualify for higher salaries. Donâ€™t get me wrong, I believe in the power and ability of Filipino staff, but at the end of the day it's what we call business and risk management is part of it. 3) Kristiana Rule - 2nd + Follow s : Content strategy consultant for growing B2B brands and.., ~ dAd-@ Remote employers - when your Filipino staff calls in to say they can't work because of the weather, they most likely mean it. .more Himawarti-9 Band 13 Brightness Temperature (Â°C) Ming -02.02Â°C + Max (TC Center): 22.28Â°C + 130 bt, 934 mb O2:15z, Nev 16, 2024 Super Typhoon MAN-S Â« cyclotiews.com te ile ee : 2 ge UPatewnnl gs : - 7 Ut pty , i= â€™ 4 â€œ - ad by See tea oe oo ies 4 : . WA fo. Sa ag NESS I ~ 4 â€œ4 "" . SLB Â¥ 4 . i isgveh Kod Â® wea : f Ne Â¥ Sean Â¥ ne Se 18 aoe. a th & â€˜I >. 5 a a oh 2) \ . Ae : 4 oa Be Ute ss ee te siti eo coe Cael oe wrt. â€ Veg Pe ey a [oe % Fis Fe â€œ= ey + : rn eS aM Avie e Fl ~ yale se ge ah er ee a =n GB adie ex - 2 sere of fe ye t al Pe, ey, rey, 9 se Beet re â€œ3 Â» We erage Â» As. BJD \ ; hh MAb! PA tor es â€˜ ao ee DE By oN San a iin Ly ae â€™ â€œgr F4 I id P â€˜ + . â€œ wn â€ Â«ihe - 7 Reichs +h = he : ee ot SA â€˜ * are. Fe Ly Gf. ar A y : : a gi ion Caer a ag hy 7 Vm RL - & Leave your thoughts here... @",14,0.69
Why is anyone referencing 90s movies for a sales pitch,0,https://i.redd.it/sgge3kwa553e1.jpeg,"This Labor Day revisit the 1998 classic, You've Got Mail > Dating Disrupted: Tom Hanks and Meg Ryan meet...ONLINE... > Window of Opportunity: This was a time when people were EXCITED to get email. > But Business As Usual: Delicious irony -- neither big-box Tom and indie Meg look for customers online. > The real â€œShop Around The Cornerâ€ was Amazon, and Bezos wasn't coming for just Barnes & Noble but for every other retailer too Today, â€œYou've Got Gen Al"" > Analytics Disrupted: Co-pilot chat interfaces pop up left and right > Business (Intelligence) as Usual: Zombie dashboards continue to bob endlessly adrift downstream of data lakes > Window of Opportunity: business users are ready and adapt analytical tools into their workflows. In the Deep Learning Al Boom, adoption was limited to super nerdy data scientists. Almost everyone has at least tried some version of Gen Al tooling. > The Al Around The Corner: Deliver more applications, not just reports (or chat interfaces) to business users that are part of their operational workflow Meg & Tom's characters met through innovation and effort: > anonymously in a chatroom (yikes, that didn't age well!) > moved their conversation to email Contrast with: > email their existing customers (low-effort) > No anonymous anything in a chatroom We could: > Talk to internal business customers > Build applications they actually need (maybe it's a co-pilot, maybe it's not)",2,0.33
LinkedIn in lieu of marriage counseling ,1,https://i.redd.it/emlve6g7y43e1.jpeg,"SS id : My wife of 12 years asked me for a divorce this morning. These past few years have been really tough financially and she can no longer bear the burden. I am okay with the decision. I haven't been able to consistently keep up my end of the bargain and I can't blame her. Could I have prevented it? Maybe. Did I do everything in my power to make things work? I don't know. Why am I sharing this on LinkedIn? Lay-offs and terminations are not just paycheck killers. Families are affected, mental health is affected and of course the finances are as well. I don't want empathy, sympathy or messages telling me that I will be ok. Maybe my situation will spread some awareness to always do more than you think you are doing, the economy isn't well, but you can always keep trying to do the right thing, have the tough conversations before it's too late and yes, it is your fault. Do more, do better, be better. OVO 1,382 273 s - 19 Reposts",2,0.56
Everyone should marry someone wealthy! Why didnâ€™t I think of that!,822,https://i.redd.it/eshp9dwvyt2e1.jpeg,"11:23 all = , 1 - a v, : piemleeri . 2nd $+ Connect AGicultural Business , d-Â® Dear parents please don't marry your daughter to a man who cannot afford a decent lifestyle for himself and also your daughter. Sooner or later economical crisis will become the reason for their daily fights. I ' â€˜ * ' we I . : I/ = 4. \ ae. y â€˜ a fey \3 ; Â» a â€˜ =f 2 Ye , sie NE f 4 Â£ 4 4 \ Ya - ; a7 \ Bh Ti i es ee i : ays ea. i at CO ee i RS Sie pss eee . eye 0 â€˜ SUS LYS sy. i= SSI"" -. FSS Saal CeO 237 88  - 8 reposts dS 1) i) 4   Repost Send",118,0.94
UGA just dropped in the rankings,43,https://i.redd.it/zu694of4ry2e1.jpeg,"Nick Huber .- 3rd+ + Follow I buy real estate and start businesses. Owner... 3d-@Â® I gave a talk to 300 college students at Univ of Georgia today. My 4 main points: 1) don't vape and stop smoking weed. It'll crush your energy and ambition, the only two things you have going for you. 2) don't become a doctor or a lawyer. You're too likely to end up unhealthy, unhappy, divorced and rich. 3) entrepreneurship isn't about new ideas. Donâ€™t follow your passion. Do common things uncommonly well. 4) get married young and have more kids than you can afford. 5) life is sales. Learn to sell or don't expect to earn real money. 6) start small. Trade your time for money. Passive income is a myth in your 20s. 7) decision making is a muscle. The only way to get better is to lift the weight. Books aren't the answer. 8) you get to choose your competition in life. Silicon valley is electing to play basketball against LeBron James. Sweaty startups are playing basketball against a 5th grade girl. The choice is yours. 9) look down the hall. What does it look like to win the game you are about to play? What does your boss look like? Are they happy? That is where you are headed. 10) don't date an emotional abuser. 30% of humans try to get what they want by manipulating other people. If you are stuck in a relationship with one of these people it is a death sentence. Have the courage to get out. Okay a few more than 4. No eae i = . â€”â€”â€” ~ 2 as",50,0.88
Recycle your self-care routine,68,https://i.redd.it/9ib7ev2ibx2e1.jpeg,">Â», James Parry 7 - 2nd + Follow : Adventure Capitalist & Sailor I Want to... Dy 8h 2 Â® Don't want to spend $5,000 on an ice bath? Clean out a yard waste bin and freeze some water bottles. You'll feel like a million bucks when you get out of the frigid water. Rubber ducky optional. y is LY, Lea YW a LL val NE We aA SNS ti a ya aN Nh â€˜ Wig A \ yw 64 ea) 8 We) Ths \ th "" â€œA I hii h Bc Aan 1) , i OE Say Vee fh ee W ""7 ee eA fee i Me \ l 7 I pee Cy iP ha a Ay fy im = PY te a wy Wet & i De dpe Oe Sc ee a a 4 1) I rf I ee 4 Ol â€”â€”â€” PG. lg a Se MA ""mig â€”â€”=â€”=. SF] ie \i I Se EL < op S! ls ~~ _ we Wr. Â» GS v- â€˜ ee J I ae â€” el I <a I Se ae Po be Pape ss Tries 4 PSR ES",39,0.96
Because senior academic administrators are not compensated enough.,3,https://i.redd.it/js172p0nb23e1.png,"f Mark Humphery-Jenner, PhD CA + 2nd Finance Academic II Angel Investor II Board Member + Follow @i 4heÂ® Seems university VC pay is to be cut. This is short shighted and frankly belies a complete lack of understanding of CEO compensation. https://Inkd.in/geTi7E37 I'd argue that university VCs/presidents are underpaid relative to private sector peers. Moves to slash pay will harm performance by killing incentives. They will also reduce the quality of university leaders as high quality CEO-level leaders will have many outside opportunities that pay more, whether overseas or domestically. In short, the government wants to benchmark VC pay to that of government- department heads. This is stupid. It would result in the CEOs of major enterprises being paid half what they are paid currently. This is well below the private sector. The idea that we should benchmark CEO salaries to government salaries smacks of socialist stupidity. I'll also note that the proposed AUD 600k for a university president is a ridiculously low figure. It's so low that it's absurd. It is not even close to US benchmarks. The UK benchmarks are not appropriate as UK universities routinely underperform US peers. University vice-chancellor pay to mirror top public service jobs By NATASHA BITA,",2,1
Lifehack ,1082,https://i.redd.it/3vebx5vxps2e1.jpeg,Google G Full-time - 24 yrs 1 mo Google Email Account User May 2015 - Present - 9 yrs 1 mo United States Google User May 2000 - May 2015 : 15 yrs 1 mo United Kingdom,11,0.99
Not sure how to caption this one. ,131,https://i.redd.it/sap2cvv0hv2e1.png,"Kasandra Chapman eee 12+ years in HR I Open to my next adventure Companies talk about DEI, gender equality & inclusivity, and corporate social responsibility but I am living proof that they don't care. It's all lies to make themselves look good. As a 31-year-old black, trans, lesbian, and neurodivergent woman, I have not been able to get a single interview in 6 months. If the thousands of companies that claim to support diverse individuals are serious, how come I'm still on a hopeless job hunt? I am literally as intersectionally oppressed as it gets yet companies ignore me. I have my queer, BIPOC, and hidden disability indicators on every version of my resume. So if companies really cared about being inclusive, at least one would have made me an offer by now. Where is their responsibility when they're willing to stand back and watch a multi-minority person fall into poverty? Companies know a person like me can be retraumatized by the constant discrimination I've faced throughout my life, yet they can't even send an email to say they're not interested. They just ghost. Among those companies out there that really do mean it when they say they support DEI, show you're genuine either under this post or in my DMs. I've been ready for a new role for too long, and I know there's a team out there that could benefit from my diverse outlook and skillset. Hopefully the hypocrisy ends soon, but I'm not holding my breath. Sooner or later we will have to name and shame! Pls share for reach.",107,0.83
Office politics = ğŸ’£  ?,48,https://i.redd.it/u4l14x08uw2e1.jpeg,"Pranav Gupta Â° 3rd oe ; I will Change your Mindset II Growth @Ed... T Follow = 1w 84% Employees feel Sad on Sunday Nights and Monday Mornings... ...more \ Office Politics is equal toa Terrorist Attack &, it can m Destroy Innocent People & ' Similarly, Of fice Politics I can Destroy Careers of I other Innocent Employees J I es = I . Se I wea : a -f OVO 4,636 204 s - 240 Reposts",11,0.94
I'll be back. Ex workday not surprising,5,https://i.redd.it/rcnyqam1703e1.jpeg,"e Kevin Grunewald : Following 3, wy Recruiting I Workday HRIS I Sales I Engineering I Tech I... â€œtasâ€â€”__ Book an appointment 3h: Â® I married the love of my life part 2. We had our American wedding last year. This weekend we had our Nigerian traditional wedding. Special shoutout to everyone who showed up. It was a night we will never forget. lve been off linkedin for the past few weeks. I'll be back at some point. i Al . I - . â€” r (Manas. = ) 2 1 a Rees bY / \ <a ~- 6 RP i bidia } I Si a ag Ps, TA I [I A Sits ; ' 4 â€˜ j f J : i b i pf) I Bae. â€”-- ~~ Neco 7 Pe yr ri y) No a . = q _ ye . sce ny uN â€” = = ""ss ee PN sh You) a sp 2 Og, i +, A Vino : Coat a I oust, te : v i ge es: + ay gt Tye Say Mie: z - \ Â» } AF i i Y a. Md buy â€™ I 7 f 7 v NI \Z . igâ€™ i ps - I oe WY â€œid â„¢ =",3,0.86
Make it your personal mission to find these posts on LinkedIn and shit on the posters. Agree?,178,https://i.redd.it/t7cw5q826u2e1.jpeg,"FDR) Kenneth Howard . 3rd+ + Follow - 2 > ' Professional Driver /My posts are strictly my o... â€” 3d-Â® ? Irish boxer â€œConor McGregor"" says about his wife! ""We have been together for 8 years and we live in Ireland, 30 miles from Dublin, in a rented apartment without work. I didn't work because I spent all my time training. It's always been my dream to be a hero. She believed in me and despite the lack of money, I made an effort to take care of my diet, and I had to eat athlete's food and respectable food. She always took care of me and encouraged me. When I came home from an intense workout, no energy and tired, she would always tell me, â€œConor McGregor, I know you can do this and it will work.â€ And now I make millions of dollars fighting in matches with between 50 and 70 thousand spectators. Now I can buy any car, any clothes, any house and yet she didn't ask me for anything, but she deserves the best in this world. She is always by my side and tells me that I can do anything! I got to this place because of her, she never gave up on me and she never left me alone. Conor McGregor. The lesson: A man's success in his life is behind a woman who is his life. Credit to the respective owner . ; > Â» Â«ee ae) a4 o/ I = mi, a . a; Cf . . Wx _ = \, of te f SN \ > . . â€˜ an ONT Tee r p . â€”_ I â€˜3 â€œZale; , ; â€œ { faâ€ t â€œaa 2] of - v peperiey I I 2 ae oe Aaah Â¥ = i} ei FAT oe, i",115,0.86
Someone should tell chlamydia,24,https://i.redd.it/i3q0urms0x2e1.jpeg,a â€œHappiness is the only thing that multiplies when you share it.â€ -Albert Schweitzer a,3,0.88
And the whiteboard clapped,43,https://i.redd.it/i3vi1vg9wv2e1.jpeg,"Alfredo Canziani - 3rd+ + Follow Assistant Professor of Computer Science at NYU Courant Institute of Mathematic... 15h - Â© Random student shows up on Friday evening: prof, I didn't get xyz. Can you explain again? Me: itâ€™s Friday evening. Student: *puppy eyes* vie okay, let me fetch some coloured markers. @ L(u) = Ci + 7 Up â„¢ Xe) ) ; â€™ @ (3) ' @ Ã© Ue Â¢ AV, @feÂ® I Cate z Ue)-1F a leo 4 We imit Me Tae with steal az Ã© Leyes e Te aan of telopt, : LOE e-â‚¬ ug be fr ~O 5 WV p= â€% (beora aâ€ tran .â€œâ€”oâ€”eo Â© I â‚¬ Â§$ before mo â€œwes ys) > SS 2 Q <> fy a Fa ( *)~ GHG Fwy yA DOG) 4 8 A: we treinthe Az - Aiud ereploustion to shudleuk â€” Woimimarise Dre lass L(@a) dike people wre rouhiang ime Â¢ A >) biterey ayn! C= RA OARGIT 26D Bed watery Goma) Sepa â€œSOE. See) eo ais GE _ os De, A) ae Gs 3 â„¢ ety ay 1.93 â€˜ f WAG) e Om Ssscemmtinaal,",28,0.86
Women are not trash,41,https://i.redd.it/tjnqm6u8yv2e1.png,"> + Follow ag . Christ follower, husband, father of 3, Author... LPSâ€ 3d-Â® Young men, REJECT this weak minded narrative that: *Women are trash. *Life ends with kids. *Sex dies after marriage. Your best days are behind you. *Some old ball & chain bosses you. Marriage & fatherhood is the best thing to experience on earth. Just don't stop growing. Don't stop dating & having fun with your wife. Include your kids in physical activities & be sure to STACK YOUR WINS FIRST. Only WEAK men that can't lead warn other guys marriage & fatherhood is a trap. That's not an inditement on marriage, but rather on them. ea asus ia ts * 2 4 : RS rages = Same 7 Z ; Ee"" a Saag ae 7 my a A PO: oi â€™ Le S ! * ~ e#, ST Sry ** +, = a t I 5) . a = â€”â€”r , oo â€œae &:- I Bh ba $ ye Y a \ ' 4 ae _.Ve os) : a i =",38,0.82
Posting customer reviews on linkedin....,1,https://i.redd.it/tcpv2vi2n13e1.png,"a Jibrail Idris + 2nd Entrepreneur / CTO / Fractional CTO / Founder / Consulta. + Follow Book an appointment sh: Â® In my opinion, Maybank Singapore offers the worst corporate banking service in Singapore. I have a very high tolerance for bad service, but the way Maybank has treated me as a long-term customer so far has really hit my nerves. Backstory: Irequested a replacement debit card last month due to suspected fraudulent charges and I haven't received my card yet. Numerous follow-ups with customer service on the phone were often ended with promises such as â€œOh only X more daysâ€. X days passed and further follow-ups on the phone with more empty promises, ""X more days"", ""X more daysâ€. Hey Maybank, it has been a month, and my last call with customer service in the morning was answered: ""Sorry, it could have been a return mail, and you'll need to re-apply again.â€ Woah, seriously? Wow! What service! Ok fine, could I then collect the card in-person then? More promises of the expedition is again met with more silence. Seriously, please buck up. As a customer, am I expected to follow up with your broken processes? Sorry, I don't have the luxury of time to manage and follow-up repeatedly with broken promises. I am not your manager, I am your customer. Maybank #badservice #frustration 6637 10",2,1
The best hires don't sell themselves...,0,https://i.redd.it/n0hgoqrwq43e1.jpeg,"3:10 ao 6 @ A. 74% Suggested : Xx 4 Chetan Vyas: 3rd+ + Follow Talent @ Deel I Ex-Revolut 6d: Â® The best hires don't always: - Sell themselves in the interview - Have the most impressive resume - Come from a prestigious background But they usually: - Are polite and respectful - Show genuine interest in the role - Show humility and willingness to learn While hiring, Donâ€™t chase perfection. Give good people a real chance. EC2 6,881 247  * 340 reposts d >) Â° A    Save",8,0.25
LinkedIn has become one of the weirdest internet experiences ,548,https://i.redd.it/szzknvbv5r2e1.jpeg,"8:27 he a > Â©Â» g ly Kat Merchant - 2nd + Follow es gg DM me â€˜more infoâ€™ to talk about my 1:1 fitn... â€œ7. Â© Book an appointment Iw: Â® â€˜I'd never want to look like youâ€™ no MOKE Py im (Gy "" 2 ailing â€” on te ZN me ys oe allies j Z L 3 if = i â€”â€”â€” am s â€™ XN ~ â€” PRs I td a a. y 2 le 6Â° _@ SSÂ® 380 61 - 1 repost d >) Q 4   Repost Send @ tt o a: & = Home Video My Network Notifications Jobs ee",163,0.96
What fat people in a Colorado hot spring can teach my kids about the many failures of the American healthcare system. ,20,https://i.redd.it/2we7xf784w2e1.jpeg,"i Jesse Randall - 2na + Follow â€˜wy CEO @ Sweater I Taking â€˜Public VC Fundsâ€™ Glo... . 1h: Â® I stopped at a hot springs with my kids this weekend. One thing REALLY stood out to meâ€”just how fat so many people were on average. Old people, middle aged people, young adults, and kids. Every demographic. The percentage of obviously overweight people was astounding. I'm not fat shaming here. It's an objective observation, specifically when comparing this crowd of random people at a hot spring high in the Colorado mountains to the random crowds of people I saw in similar setting across Europe earlier this year. In Europe, you really have to look around to find an obviously overweight person. And funny enough, that person was often an American. I know this post is anecdotal at best. I'm not presenting double blind peer reviewed studies here. Although I'm sure if I dig them up that I'd find plenty of supporting data. But I have a feeling that if Americans more health conscious and more active that our associated cost of healthcare would also be much much lower, and likely on par with averages for other regions around the world. For a small percentage of people, obesity is not a choice. For most of the rest of though......itâ€™s a result of lifestyle choices. ag Siem si ABO un , . ne 7 ea <* ~ : <i â€˜ a4 f ) â€˜ ' Ns H 3 4s parm 4% \ â€˜ . ie aH m:% oo t- aes â€œ ag y) Se Â¥: ida dt Be 4 rtideÂ® aS bs > e [esa sas A ri raie yes Pests yp. wD _ ; $3 a ke I 4 Al "" ea, Pas â€” 1",53,0.74
"My kid died, please buy some stuff",0,https://i.redd.it/vzm4ykybw13e1.jpeg,"@ craig QD - 3c Iam passionate and driven to breakdown the Stigma of P.. + Follow 4+ ted Â« Â© 5 years ago tonight James, my foster son, he's the one on the left, took a walk. He walked into the early hours on that cold dark and damp November night. James had left his hand written thoughts on a note pad on his bed. He never retumed, James made one last last and final decision in the darkness of that night and it became his permenant decision. 3 weeks later to the day, Levi on the right, my youngest son followed James's path and our lives were destroyed, It's like a nuclear bomb detonating in our living room, flattening, decimating and destroying everything that preceded it. I want to say this, as it is so relevant and such a compelling argument. Suicide will not take away your pain it will simply pass it on to those that are left behind. Words â€˜of wisdom are â€œI would rather wipe away your tears and share you pain today than wheep myself and feel your the pain tomorrow. Suicide is always preventable, it's a permenant choice to a short term problem. â€˜Asa public, community and a country we all need to pull together to stop this very preventable plague. The biggest killer men under 35 in the world. 2024 is likely to be the worst year for suicide in the UK for 2 decades. We all need to empathize with people that are in such devastating predicaments that they can't see any light. I can say now, that I am evidence that there is light, there is hope and there is future. I started work as Furniture Sales Manager at Kings Office Supplies a week and a half ago and have found a new meaning, a new purpose and a better version of mei! I didn't think this was possible 3 months ago. To all my connections and followers, stand with me as I begin this new journey, follow me and if you can support me. If you business needs office supplies, business printing, corporate gifts, janitorial and catering supplies, PPE and workwear, health and safety product or office furniture @ Kings Office Supplies Ltd are your one stop shop all your business needs, if it's not on our site challenge us and we'll source it. Please, please, please check on friends, family, coleagues and aquaintencies. Ask are you OK, then repeat are you sure you're OK, you might just save a life. EVERY LIFE MATTERS!",17,0.44
"Donâ€™t lie Matt, you hate it too",281,https://i.redd.it/jy3nsj3lcr2e1.jpeg,"/ Matt Watson - 2nd 2+ Connect Â© Founder/CTO for 20 years, Bootstrapped a... ee, Subscribe to newsletter 12h- Â® Jaguar's new branding is genius. People all over social media are saying it was a disaster. We are all talking about it. It worked. Their old brand died with our grandparents. They needed a bold new identity. I'm more interested in buying one now. I'm their target demographic. The amount of free media they earned from this is invaluable. Everyone of us is anxiously waiting to see what they do next. Brilliant marketing. * â€” x a Â« $5 of an Ps NN ~~. at, IAGWAR , .",237,0.89
Interesting ,9634,https://i.redd.it/pnfcbyuwwl2e1.png,Elon Musk @ X @elonmusk - 24m I instantly lose respect for anyone who posts on LinkedIn. Unbearably cringe.,545,0.94
Imagine being this blisteringly stupid ,12,https://i.redd.it/wcaezuk84w2e1.png,"Simon Hgiberg - 2nd + Follow % Building a portfolio of bootstrapped Saas ... ad View my newsletter 4d: Â® Imagine struggling on a $350K/year salary. 3 easy fixes: 1. Don't get a formal education. It's a waste of time and money. 2. Don't own a car. In 95% of cases, it's a luxury. Walk or bike. And get in better shape, too. 3. Don't own a house. It's a liability, not an asset. It always is. Rent instead. No, it's not the world. It's you. You don't need professional help, but you need to fix the lifestyle creep you've allowed. â€˜Iâ€™m paycheck to paycheck.â€™ I make $350K a year, but have $88K in student loans, $170K in car loans and a mortgage I pay $4,500 a month on. Do I need professional help? By â‚¬atiow) Updated: Sept. 9, 2023 at 2:18p.m. ET",8,0.88
Give me clout because I've started paying a mortgage,84,https://i.redd.it/6ae79n7pas2e1.jpeg,"Ramsri Goutham Golla f - 2.... 3+ Connect Lead Data Scientist at Knownwell.co... 4d-Â® Life update - We bought a new home! After 15 months of planningâ€”from the idea of buying a home, arranging the finances for the down payment, securing a loan, and getting the interiors done to our likingâ€”we are finally here! After living in multiple rented homes and dealing with the usual rental worries for the past five years since our marriage, we're excited to finally have a place we can truly call our own, in a great gated community! And we'll never forget that first-time feeling when the main gate security stopped us and asked if we were the owners, to which my wife responded with a big, excited ""YESSS!"" & #home #gatedcommunity #housewarming oe I 2 be 1) A ear I ean SI ; = a ol ot a A i i â€”_ Bi ee 2 ae oe ae ; AR ima: a D : i , mw = = SS 6 â€œoeâ€ oS om I) = is (o . BEL. = I em a ae } . . mh we. i (ae ee ; +y/ a3 I : ~ gam . dia. Mase) I fa > 33 I â€”_ i Chin a I wey eas 2 ae A lg et. 1B by // Ii ny Ly , Nl nH q I Pee bn . oo /i ERO 2,338 135  + 1 repost",79,0.74
